,model,accuracy,precision,recall
0,mistral-7b-instruct-v0.1.Q4_0.gguf,0.715,0.684397546897547,0.8396317829457365
1,mistral-7b-openorca.Q4_0.gguf,0.76,0.8064180527029384,0.8045163464779238
2,mpt-7b-chat-merges-q4_0.gguf,0.3869346733668342,0.6447679708826205,0.6704030797101449
3,orca-2-7b.Q4_0.gguf,0.4723618090452261,0.7448008446108072,0.7146739130434782
4,rift-coder-v0-7b-q4_0.gguf,0.31313131313131315,0.2871994801819363,0.5618686868686869
