,model,accuracy,precision,recall
0,gpt4all-falcon-q4_0.gguf,0.5202020202020202,0.6290566491062564,0.7137873882207831
1,gpt4all-13b-snoozy-q4_0.gguf,0.2474747474747475,0.41455160744500846,0.34782608695652173
2,nous-hermes-llama2-13b.Q4_0.gguf,0.5103092783505154,0.6727582846003899,0.5658065276304937
3,orca-2-13b.Q4_0.gguf,0.845,0.8505116959064326,0.8516318391192002
4,wizardlm-13b-v1.2.Q4_0.gguf,0.5577889447236181,0.7028085735402808,0.6043931159420289
