{
  "dims": [
    1,
    384
  ],
  "type": "float32",
  "data": {
    "0": -0.20049728453159332,
    "1": -0.6537902355194092,
    "2": 0.3833206593990326,
    "3": -0.36811769008636475,
    "4": -0.36093518137931824,
    "5": 0.13038256764411926,
    "6": 0.26805242896080017,
    "7": 0.3581687808036804,
    "8": 0.2104330211877823,
    "9": -0.03208214044570923,
    "10": 0.0320679135620594,
    "11": -0.015190688893198967,
    "12": -0.3611421287059784,
    "13": 0.3488696813583374,
    "14": 0.2766854166984558,
    "15": -0.20308072865009308,
    "16": 0.24302589893341064,
    "17": -0.3742145299911499,
    "18": -0.3153128921985626,
    "19": -0.7858064770698547,
    "20": -0.10824451595544815,
    "21": 0.3432598114013672,
    "22": 0.3775174021720886,
    "23": 0.15394964814186096,
    "24": 0.08437064290046692,
    "25": -0.14112770557403564,
    "26": 0.01915542408823967,
    "27": -0.3062877953052521,
    "28": 0.3924938142299652,
    "29": -0.06015649810433388,
    "30": 0.059714533388614655,
    "31": 0.6276971697807312,
    "32": 0.42607736587524414,
    "33": 0.6333893537521362,
    "34": -0.3612951636314392,
    "35": 0.42282989621162415,
    "36": -0.14723393321037292,
    "37": -0.4042588472366333,
    "38": 0.20359200239181519,
    "39": 0.10711920261383057,
    "40": -0.27695780992507935,
    "41": 0.031086726114153862,
    "42": 0.20411263406276703,
    "43": -0.005890283267945051,
    "44": 0.6424074172973633,
    "45": -0.5772901177406311,
    "46": -0.3860723376274109,
    "47": 0.33814337849617004,
    "48": -0.4759642481803894,
    "49": 0.13082949817180634,
    "50": -0.7397797107696533,
    "51": 0.052817314863204956,
    "52": 0.17464463412761688,
    "53": 0.6065458655357361,
    "54": 0.058919161558151245,
    "55": -0.2288951724767685,
    "56": -0.13168451189994812,
    "57": 0.2979191839694977,
    "58": 0.08875931054353714,
    "59": -0.3856784999370575,
    "60": -0.4155225455760956,
    "61": -0.23972681164741516,
    "62": -0.4919687509536743,
    "63": -0.058611851185560226,
    "64": -0.17937874794006348,
    "65": 0.32621437311172485,
    "66": 0.06331317126750946,
    "67": 0.4648623764514923,
    "68": 0.25050514936447144,
    "69": 0.3109555244445801,
    "70": -0.12837815284729004,
    "71": -0.058889780193567276,
    "72": -0.30851101875305176,
    "73": 0.5203509330749512,
    "74": 0.0112763037905097,
    "75": 0.26465579867362976,
    "76": 0.11807835102081299,
    "77": -0.07116731256246567,
    "78": 0.08554516732692719,
    "79": -0.17757652699947357,
    "80": 0.19553142786026,
    "81": -0.018151521682739258,
    "82": 0.5845847725868225,
    "83": -0.48435360193252563,
    "84": 0.04603966325521469,
    "85": -0.44839173555374146,
    "86": 0.22371259331703186,
    "87": 0.18568336963653564,
    "88": 0.014688022434711456,
    "89": 0.02677311562001705,
    "90": -0.23396606743335724,
    "91": -0.11072664707899094,
    "92": 0.48433002829551697,
    "93": 0.4900081753730774,
    "94": -0.2170775830745697,
    "95": -0.0045890505425632,
    "96": 0.24383199214935303,
    "97": -0.04549445956945419,
    "98": -0.08885622769594193,
    "99": 0.6513473987579346,
    "100": 0.05864175409078598,
    "101": 0.34000203013420105,
    "102": 0.3127543330192566,
    "103": -0.29191288352012634,
    "104": -0.18737152218818665,
    "105": -0.22563380002975464,
    "106": 0.022874291986227036,
    "107": 0.09765683114528656,
    "108": 0.12045668810606003,
    "109": -0.6370946168899536,
    "110": -0.4981185495853424,
    "111": -0.055397216230630875,
    "112": -0.1350940763950348,
    "113": 0.3913688063621521,
    "114": 0.2840858995914459,
    "115": -0.21370971202850342,
    "116": 0.3107605576515198,
    "117": -0.34836211800575256,
    "118": -0.028257276862859726,
    "119": 0.3614571988582611,
    "120": -0.11068340390920639,
    "121": 0.02256575971841812,
    "122": 0.02424163743853569,
    "123": -0.03919950872659683,
    "124": -0.31016212701797485,
    "125": 0.3192239999771118,
    "126": -0.23811908066272736,
    "127": -1.026591836541339e-32,
    "128": 0.6660721898078918,
    "129": 0.1489693969488144,
    "130": -0.2221795916557312,
    "131": 0.627980649471283,
    "132": 0.04840366914868355,
    "133": 0.5327967405319214,
    "134": 0.09767401218414307,
    "135": -0.06547939777374268,
    "136": -0.06545508652925491,
    "137": -0.5768930912017822,
    "138": -0.012272896245121956,
    "139": -0.12485485523939133,
    "140": -0.09957747906446457,
    "141": 0.12722279131412506,
    "142": 0.2324109971523285,
    "143": 0.09465734660625458,
    "144": -0.1434153914451599,
    "145": 0.45366165041923523,
    "146": 0.26377755403518677,
    "147": -0.17358824610710144,
    "148": 0.19172950088977814,
    "149": 0.42779719829559326,
    "150": 0.04696287587285042,
    "151": 0.024780116975307465,
    "152": 0.33964940905570984,
    "153": 0.4572315514087677,
    "154": 0.4062616527080536,
    "155": -0.6714985966682434,
    "156": -0.27741411328315735,
    "157": 0.30314943194389343,
    "158": -0.37016424536705017,
    "159": -0.2055562138557434,
    "160": -0.12007374316453934,
    "161": 0.246055006980896,
    "162": 0.3794761300086975,
    "163": -0.27812305092811584,
    "164": 0.01733461394906044,
    "165": -0.8523896336555481,
    "166": 0.24856966733932495,
    "167": -0.5861415863037109,
    "168": -0.1120118573307991,
    "169": -0.07462381571531296,
    "170": 0.0356869101524353,
    "171": -0.5823304653167725,
    "172": -0.20472252368927002,
    "173": 0.04090360924601555,
    "174": -0.11633972823619843,
    "175": -0.2500152587890625,
    "176": -0.2251487523317337,
    "177": 0.150344580411911,
    "178": 0.1700468361377716,
    "179": 0.053787365555763245,
    "180": -0.22736626863479614,
    "181": 0.33516934514045715,
    "182": 0.12530523538589478,
    "183": -0.0951034352183342,
    "184": 0.13938447833061218,
    "185": 0.21300159394741058,
    "186": 0.27425214648246765,
    "187": 0.6692474484443665,
    "188": 0.0407056026160717,
    "189": -0.2631678879261017,
    "190": 0.477236807346344,
    "191": 0.023093201220035553,
    "192": 0.7946585416793823,
    "193": -0.0243268683552742,
    "194": -1.1454025506973267,
    "195": -0.18923547863960266,
    "196": 0.48346182703971863,
    "197": -0.08823396265506744,
    "198": 0.09983380883932114,
    "199": -0.07280636578798294,
    "200": 0.23357528448104858,
    "201": 0.2381792813539505,
    "202": -0.3222280740737915,
    "203": -0.07223721593618393,
    "204": 0.3099766671657562,
    "205": -0.07733075320720673,
    "206": 0.009707601740956306,
    "207": 0.328930139541626,
    "208": -0.6368147730827332,
    "209": -0.13916204869747162,
    "210": 0.1524924337863922,
    "211": -0.526888370513916,
    "212": -0.04461456835269928,
    "213": -0.42219728231430054,
    "214": 0.3769236207008362,
    "215": -0.3224582076072693,
    "216": -0.03231877088546753,
    "217": 0.22850137948989868,
    "218": -0.7379290461540222,
    "219": 0.04450787603855133,
    "220": 0.0850786417722702,
    "221": -0.16249096393585205,
    "222": 0.19077461957931519,
    "223": 1.0193799582938535e-32,
    "224": -0.3225882351398468,
    "225": 0.35789164900779724,
    "226": -0.425400048494339,
    "227": 0.2153882086277008,
    "228": -0.23168577253818512,
    "229": -0.8160892128944397,
    "230": 0.3786333501338959,
    "231": 0.6455072164535522,
    "232": -0.15801115334033966,
    "233": -0.06653852015733719,
    "234": 0.15818092226982117,
    "235": -0.5358156561851501,
    "236": 0.6293448209762573,
    "237": -0.2699909210205078,
    "238": 0.7246398329734802,
    "239": -0.44813212752342224,
    "240": 0.8098781704902649,
    "241": -0.5092846751213074,
    "242": 0.37999415397644043,
    "243": 0.5580407977104187,
    "244": 0.0008513405919075012,
    "245": -0.18215663731098175,
    "246": -0.9536158442497253,
    "247": 0.15234477818012238,
    "248": 0.18560728430747986,
    "249": 0.17306827008724213,